UserID,Username,Email,Password
1,thomasbyrd,alopez@example.org,(SR&8P)w8D
2,vmcdaniel,hrivera@example.org,Z6Xcb^_K#A
3,lisa48,kimberly14@example.org,1CjCBHDx$E
4,harperemily,gabrielkramer@example.com,*t125LzTD!
5,burkecameron,anthonypayne@example.com,_29)OAl@k8
6,darlene09,ramseychristine@example.com,@$z04WGwtV
7,mary84,adkinsthomas@example.com,oujZF6#C_5
8,jennifer54,christineryan@example.com,tKIA24Tr*A
9,jonesjared,shawnbarnes@example.org,!e6L(xuvh)
10,hollandglenda,ydavis@example.com,uu4qvACz*(
11,mharrison,eric12@example.net,_p26Pe3a6z
12,epayne,sboyd@example.net,i3D0xNcK)0
13,christopherdennis,victorjones@example.net,sP3mbHgKE+
14,donna77,robertsbryan@example.net,ef%*4(EaM9
15,hoopermark,karinasimmons@example.net,wqBOby^2%2
16,heather54,garciaamy@example.org,@b(WD$*g&3
17,nguyenjoshua,lozanonathan@example.com,Q^J58Bix17
18,elaine60,lwilliams@example.org,q+6aDuPGyl
19,nicholselizabeth,housevirginia@example.com,hn3$LTMW)%
20,christine46,allenwilliams@example.org,5i_14QxI^I
21,paulgonzales,jamestucker@example.org,LHutdxXe*1
22,tpatterson,kferguson@example.org,2(Vs^QKy$w
23,laurenewing,ashley30@example.org,$7ZvOg0p0r
24,jenniferpitts,waterscharles@example.net,^9E%6v9J#t
25,greenelizabeth,zacharymullins@example.net,IsX97)PzN^
26,rogersgarrett,umccoy@example.org,A%i4K@sFQ)
27,larrycrawford,ebullock@example.net,ov8JUTcq)&
28,wardlauren,christina98@example.net,*_!0Dnq6@K
29,uwiggins,sabrinarussell@example.com,T%2PTGJm8%
30,imoreno,nrodriguez@example.com,K#bi3D)qvv
31,wturner,bowersmonica@example.org,$F7VPn6MYM
32,iwoods,rebeccachambers@example.com,%d0I&m2bd3
33,zrodriguez,bonnie75@example.org,nXz*0Ysxol
34,david90,lbennett@example.net,zpkp9EhYT#
35,fieldsstanley,julie15@example.net,M&4f7Je*D#
36,cynthia50,jenniferbaker@example.net,_8w%$jXt)G
37,sosavalerie,sloansean@example.org,$7cQ%3WgG$
38,slewis,daniel97@example.org,!u4zS&p&Rw
39,pdyer,tmorrison@example.org,#@MP5xSGv6
40,edavidson,todd30@example.net,^eJXNlShU1
41,murphymark,valeriebolton@example.net,P*E8uUb#+9
42,christophercaldwell,moondiane@example.org,!5t9IKAhei
43,thomasjames,suzanneanderson@example.net,4piQhESg@J
44,bryan27,paulheath@example.org,Xo@qSCli!3
45,brandonjones,campbellvickie@example.com,0H&R4Lmu&w
46,ocrawford,allenkathleen@example.net,@+)0RzMn7t
47,morriskyle,eric59@example.net,2CjBtNki_2
48,kenneth71,lucastara@example.net,LP1fXKGzr^
49,johnstonsteven,karen07@example.com,)*8sFQvuwB
50,steven38,pball@example.net,&h0(Bcs1!M
51,deborahvillanueva,jeffmiller@example.org,@d*Fe*Hkk6
52,hblack,kathleenspence@example.org,hl21DXkdY(
53,fergusonbrandi,uwood@example.net,51Q!QnR9*v
54,dmoreno,thill@example.org,7ZTkRqLu!C
55,james67,rsolis@example.com,g5PZ5Ed1_y
56,matthewharris,thompsonrobert@example.org,TiLO1vBo!9
57,timothy26,patricia99@example.org,lq8vUegS_Z
58,jimenezmary,elizabethmendoza@example.com,$aMwfUb3A1
59,nicolecamacho,sarah21@example.net,Quk#1KheZ3
60,ingrammichael,charles02@example.org,p#dODt(f&1
61,hgomez,clarkmary@example.org,%Gw5DHvX(^
62,davidjohnson,melissacook@example.com,!UwBr&rI3$
63,wcastillo,mdavis@example.org,@70#)2Eb!A
64,maybrittany,wilkinsonkimberly@example.org,XX9XR2Ut_5
65,evanschristopher,katie59@example.org,*64Svtz7t4
66,kelleycrystal,thomas07@example.net,a1t#MKhH$x
67,elizabeth86,heatherrodriguez@example.org,ZP1ZsCm1q!
68,smithanthony,andrea37@example.net,^$+SfDb)^1
69,yvonnewebster,hannahwilliams@example.org,&R9sMbWwf)
70,william23,freemanbarbara@example.com,_d#0jSOaqL
71,williamsalexander,samantha59@example.com,(qF0HUeE)O
72,dmolina,josevelez@example.com,*Uh5MiOG&8
73,garciajon,angelahunt@example.com,wfd0NChe_1
74,haleywilliams,frankjames@example.net,S7H**csE^S
75,jenkinszachary,lawrenceadkins@example.org,591S7Cx_$X
76,chelsea11,ili@example.org,^u@mXrqHS3
77,ebrady,petersontheresa@example.org,u72PmVaE$X
78,joseph17,brownjackson@example.com,T%)1FQNbdP
79,rpena,solisjeanette@example.org,798FIPJb$&
80,michellestout,barbara12@example.net,R26QNiNs!*
81,ryanturner,robert20@example.org,^6L2Lhjg7N
82,benjaminpatton,mooreroger@example.org,X$9&OnY7r7
83,swhite,mullinschristine@example.net,&5P1zPmYti
84,johngonzalez,courtneymorton@example.net,*K1TxyCXuS
85,christy03,brittneyharvey@example.com,#%puVTExx4
86,teresa58,susan06@example.net,ce4m1BcC+y
87,sara44,jeffreyleonard@example.com,!E1AQPBc)J
88,toddharris,oarias@example.com,OS%7Lwv0iT
89,valentineamanda,thomasjessica@example.com,n95vREYm@T
90,walkerlaura,tonya66@example.org,+6kCBTsdF+
91,foleyjohn,fwood@example.org,&+1vFLedsw
92,karinacarrillo,garyherrera@example.net,(9WHA09buX
93,jessica86,roserobert@example.com,iz1Ui_gai$
94,efoley,vargassean@example.net,+0#WBm)ibu
95,victoria67,nicole40@example.net,*o5p+2F4E)
96,heatherfoster,hernandezshawna@example.net,$3NUvq)t2c
97,lisaanderson,tinakaiser@example.org,$$2LqxZUb$
98,justinmcdonald,mosesmargaret@example.net,@n8SDovs&_
99,grantjeremy,vickie74@example.net,%4C(^MA1p9
100,annareyes,ryan96@example.com,n^C1QJ54Ri
